"Key","Issue Type","Parent","Summary","Status","Assignee","Start date","Inferred start date","Due date","Inferred due date","Issue color","Priority","Labels"
"AEIC-1","Epic","","Qu·∫£n l√Ω Kh√°ch h√†ng (Leads Management)","In Progress","","2026/01/20","2026/01/20","2026/01/31","2026/01/31","purple","High","crm,leads"
"AEIC-6","Task","AEIC-1","‚úÖ Nh·∫≠p d·ªØ li·ªáu kh√°ch h√†ng (Import Excel) th√¥ng minh - T·ª± ƒë·ªông ph√°t hi·ªán tr√πng l·∫∑p","Done","","","","","","green","Medium","implemented,excel,import"
"AEIC-7","Story","AEIC-1","Ch·∫•m ƒëi·ªÉm ti·ªÅm nƒÉng (Lead Scoring) - D√πng AI t·ª± ƒë·ªông ƒë√°nh gi√° m·ª©c ƒë·ªô t√¨m nƒÉng c·ªßa kh√°ch","To Do","","","","","","purple","High","ai,scoring,todo"
"AEIC-8","Task","AEIC-1","Th√™m b·ªô l·ªçc n√¢ng cao (Qu·ªëc gia, Ng√†nh ngh·ªÅ, Tr·∫°ng th√°i) v√†o LeadsView","To Do","","","","","","orange","Low","improvement,filters"
"AEIC-2","Epic","","H·ªá th·ªëng Email & Giao ti·∫øp (Smart Communication)","In Progress","","2026/01/20","2026/01/20","2026/01/31","2026/01/31","purple","High","email,communication"
"AEIC-9","Story","AEIC-2","‚úÖ Theo d√µi t∆∞∆°ng t√°c Email (Tracking) - Reply tracking ƒë√£ ho√†n th√†nh","Done","","","","","","green","Medium","implemented,email,tracking"
"AEIC-10","Story","AEIC-2","G·ª£i √Ω ph·∫£n h·ªìi nhanh (Smart Reply) - AI ƒë·ªçc email v√† so·∫°n s·∫µn ph∆∞∆°ng √°n tr·∫£ l·ªùi","To Do","","","","","","purple","Medium","ai,smart-reply,todo"
"AEIC-11","Story","AEIC-2","C√° nh√¢n h√≥a Email h√†ng lo·∫°t - Th√™m merge fields v√† batch personalization","To Do","","","","","","orange","Medium","improvement,email,personalization"
"AEIC-3","Epic","","Dashboard & B√°o c√°o (Analytics)","In Progress","","2026/01/20","2026/01/20","2026/01/31","2026/01/31","purple","High","analytics,dashboard"
"AEIC-12","Story","AEIC-3","‚úÖ B√°o c√°o hi·ªáu qu·∫£ chi·∫øn d·ªãch - Reply Rate analytics ho√†n ch·ªânh","Done","","","","","","green","High","implemented,dashboard,analytics"
"AEIC-13","Task","AEIC-3","Mobile Dashboard - T·ªëi ∆∞u giao di·ªán cho ƒëi·ªán tho·∫°i","To Do","","","","","","purple","Medium","mobile,ux,todo"
"AEIC-4","Epic","","Tr·∫£i nghi·ªám Ng∆∞·ªùi d√πng (UX/UI Polish)","To Do","","2026/01/20","2026/01/20","2026/01/31","2026/01/31","purple","Medium","ux,ui"
"AEIC-14","Task","AEIC-4","N√¢ng c·∫•p giao di·ªán Premium - Glassmorphism, m√†u s·∫Øc sang tr·ªçng Ariyana","To Do","","","","","","purple","Low","ui,design,todo"
"AEIC-15","Task","AEIC-4","Hi·ªáu ·ª©ng t·∫£i trang (Skeleton Loading) - Thay spinner b·∫±ng skeleton screens","To Do","","","","","","purple","Low","ui,loading,todo"
"AEIC-16","Task","AEIC-4","‚úÖ T·ªëi ∆∞u thanh ƒëi·ªÅu h∆∞·ªõng (Sidebar) - Thu g·ªçn/m·ªü r·ªông ƒë√£ ho√†n th√†nh","Done","","","","","","green","Low","implemented,sidebar,ux"
"AEIC-5","Epic","","H·∫° t·∫ßng & K·ªπ thu·∫≠t (System Foundation)","In Progress","","2026/01/20","2026/01/20","2026/01/31","2026/01/31","red","Critical","infrastructure,technical"
"AEIC-17","Task","AEIC-5","üö® CRITICAL: Refactor App.tsx (9,573 lines) - T√°ch th√†nh component modules","To Do","","","","","","red","Critical","refactor,technical-debt,todo"
"AEIC-18","Bug","AEIC-5","Fix l·ªói m√¥i tr∆∞·ªùng Dev - API kh√¥ng ph·∫£n h·ªìi JSON trong dev mode","To Do","","","","","","orange","Medium","bug,dev,investigation"
"AEIC-19","Task","AEIC-5","B·∫£o m·∫≠t API Key - Security audit ƒë·ªÉ verify kh√¥ng l·ªô key xu·ªëng frontend","To Do","","","","","","red","High","security,audit,todo"
"AEIC-20","Story","AEIC-2","üÜï Email Open & Click Tracking - Webhook integration v·ªõi email provider","To Do","","","","","","purple","Medium","new,email,tracking"
"AEIC-21","Task","AEIC-5","üÜï Unit Tests - Coverage cho API routes v√† business logic","To Do","","","","","","red","High","new,testing,quality"
"AEIC-22","Task","AEIC-5","üÜï Performance Optimization - Lazy loading cho large components","To Do","","","","","","orange","Medium","new,performance,optimization"
"AEIC-23","Task","AEIC-1","üÜï Data Export - Export leads to Excel v·ªõi filters hi·ªán t·∫°i","To Do","","","","","","purple","Low","new,export,feature"
"AEIC-24","Task","AEIC-2","üÜï Email Queue System - Background job processing cho bulk emails","To Do","","","","","","red","High","new,email,infrastructure"
